{
  "timestamp": "20250715_104503",
  "losses": [
    235.88091419270833,
    182.30271009114583,
    167.7741259765625,
    161.30747177734375,
    157.57643315429686,
    155.31619368489584,
    153.68123943684895,
    152.60660693359375,
    151.5866487141927,
    150.64566376953124,
    149.93755587565104,
    149.16716145833334,
    148.6053009765625,
    148.0818620279948,
    147.7406864095052,
    147.004975,
    146.73668427734376,
    146.42175862630208,
    146.07544978841145,
    145.61924431966145
  ],
  "epochs": [
    0,
    1,
    2,
    3,
    4,
    5,
    6,
    7,
    8,
    9,
    10,
    11,
    12,
    13,
    14,
    15,
    16,
    17,
    18,
    19
  ]
}